<?xml version="1.0" encoding="utf-8"?>
<component name="GridScreen" extends="Group" initialFocus="RowList">
    <script type="text/brightscript" uri="GridScreen.brs" />
    <interface>
        <!-- Specifies the content for the Grid -->
        <field id="content" type="node" alias="RowList.content" />
    </interface>

    <children>
        <Label 
        id="titleLable"
        width="1020"
        translation="[130,170]"
        />
        <Label 
        id="descriptionLabel"
        wrap="true"
        width="1020"
        numLines="3"
        translation="[130,220]"
        />
        <RowList 
        id="rowList"
        itemComponentName="RowListItem"
        translation="[80,350]"
        numRows="2"
        rowitemSize="[[320,180]]"
        rowitemSpacing="[[20,0]]"
        itemSize="[1100,270]"
        rowLabelOffset="[[50,20]]"
        focusXOffset="[50]"
        showRowLabel="[true]"
        rowFocusAnimationStyle="floatingfocus"
        />

    </children>
    
</component>

